# canonical	part_of_speech	senel	aliases (pipe-separated)
certainty	gram	de	for sure|certainly|definitely|surely|without doubt
sure	property	el	sure|certain
yes	gram	de	yes|yeah|yep
okay	property	fir	okay|ok|alright|all right
thanks	noun	fop	thanks|thank you|thank you very much
greeting	verb	sil	hello|hi|hey
goodbye	verb	bal	goodbye|bye|see you
sorry	property	for	sorry|apologetic
colour	noun	nin	color|colour
black	property	ninnir	black|dark-colored|dark-coloured
white	property	ninnil	white|light-colored|light-coloured
close	verb	nagep	close|shut
closed	property	nagep	closed|shut
open	property	gep	open|opened
computer	noun	permen	computer|laptop|desktop computer|pc
phone	noun	persil	phone|telephone|mobile phone|cell phone|smartphone
internet	noun	perget	internet|web|online network
website	noun	sepwa	website|web site|webpage|web page
email	noun	sepdip	email|e-mail|electronic mail
message	noun	sepdip	message|text message|direct message
photo	noun	sitko	photo|photograph|picture|image
video	noun	sitko	video|movie|film|clip
music	noun	nelko	music|song|track
city	noun	wanron	city|town
country	noun	wakron	country|nation|state
road	noun	wut	road|street|highway
car	noun	perpep	car|automobile|vehicle
bus	noun	perpep	bus|coach
train	noun	perbon	train|railway train
bike	noun	pepper	bike|bicycle
office	noun	rilwa	office|workplace
job	noun	gun	job|work|employment
class	noun	mis	class|course
classroom	noun	mispil	classroom|lecture room
homework	noun	misgun	homework|schoolwork
lesson	noun	misko	lesson|lecture
exam	noun	mip	exam|examination|test|quiz
response	noun	sar	response|reply
mother	noun	ren rem	mother|mom|mum
father	noun	ren rom	father|dad
sister	noun	rer rem	sister
brother	noun	rer rom	brother
morning	noun	yenyis	morning
noon	noun	yenwip	noon|midday
evening	noun	yenyik	evening
weekend	noun	yekyik	weekend
birthday	noun	hokyen	birthday
age	noun	hak	age
child	noun	rel	kid|child
person	noun	ran	human|person|individual
people	noun	ral	people|humans|everyone
friend	noun	ras	friend|buddy
family	noun	rar	family|household
partner	noun	res	partner|spouse
boss	noun	rin	boss|manager|leader
police	noun	rip	police|police officer|officer
hospital	noun	hoswa	hospital|clinic
medicine	noun	hos	medicine|drug|medication
engineer	noun	genra	engineer|builder
lawyer	noun	rolra	lawyer|attorney
judge	noun	melra	judge|magistrate
restaurant	noun	henwa	restaurant|cafe|cafeteria
grocery	noun	hemrok	grocery|grocery store|food shop
clothes	noun	pes	clothes|clothing|garment
shoe	noun	peskik	shoe|footwear
bag	noun	wur	bag|backpack
key	noun	pengep	key
clock	noun	yante	clock|watch
camera	noun	sitte	camera
money	noun	det	money|cash
price	noun	dek	price|fee
free	property	fum	free|without charge
expensive	property	mi dek	expensive|costly
cheap	property	li dek	cheap|inexpensive
smart	property	manpi	smart|clever|intelligent
stupid	property	fil	stupid|dumb|foolish
interesting	property	molpi	interesting|engaging
boring	property	namol	boring|dull
busy	property	hispi	busy|occupied
ready	property	gutpi	ready|prepared
possible	property	gol	possible|able
impossible	property	nagol	impossible|unable
safe	property	honpi	safe|secure
strong	property	hop	strong|powerful
weak	property	nahop	weak|fragile
rich	property	dos	rich|wealthy
poor	property	dok	poor|impoverished
young	property	li hak	young|youthful
fun	property	nul	fun|enjoyable|funny
favorite	property	ti fas	favorite|favourite
empty	property	yam ut	empty|vacant
full	property	ut lam	full|complete
available	property	fum	available|free to use
unavailable	property	nafum	unavailable
create	verb	gan	create|produce
remove	verb	ges	remove|delete|erase
choose	verb	fun	choose|select|pick
try	verb	gur	try|attempt
explain	verb	sit	explain|demonstrate
visit	verb	but	visit|meet
travel	verb	bal	travel|go on a trip
call	verb	sak	call|phone someone
send message	verb	dip	text someone|send a message
download	verb	dit	download|receive data
upload	verb	dip	upload|send data
save	verb	dup	save|store
search	verb	dap	search|find|look for
check	verb	nal	check|inspect|look at
fix	verb	ger	fix|repair
turn on	verb	gep	turn on|switch on
turn off	verb	nagep	turn off|switch off
log in	verb	bun	log in|sign in|enter account
log out	verb	bul	log out|sign out|exit account
reply	verb	sar	reply|respond
enjoy	verb	fas	enjoy|like
prefer	verb	mi fas	prefer|would rather
remember	verb	mak	remember|recall
forget	verb	mat	forget
learn	verb	mil	learn
teach	verb	mir	teach
study	verb	mis	study|revise
win	verb	gus	win|succeed
lose	verb	dat	lose
fail	verb	guk	fail
plan	verb	mek	plan|schedule
arrive	verb	bur	arrive|reach
leave	verb	bus	leave|depart
drive	verb	bin	drive|transport
wait	verb	bas	wait
send	verb	dip	send
receive	verb	dit	receive
return	verb	bak	return|come back
maybe	gram	fus	maybe|perhaps|possibly
probably	gram	mo	probably|presumably
currently	adverb	yal	currently|right now|at present
soon	adverb	mi yas	soon|shortly
later	adverb	yil	later|afterward|afterwards
nearby	adverb	won	nearby|close by
far away	adverb	wol	far away
in front of	preposition	wek	in front of
next to	preposition	wep	next to|beside
on top of	preposition	wer	on top of|above
under	preposition	wes	under|below
lots	gram	pam	a lot of|lots of|plenty of
right away	adverb	yuk	right away|immediately|suddenly
once more	adverb	yok	once more|again
ride	verb	bin	ride
through	preposition	i	through
another	determiner	ek	another
familiar	property	malpi	familiar
unfamiliar	property	namal	unfamiliar
remain	verb	bas	remain|stay
quote	verb	sir	quote|quoted
correctly	adverb	fir	correctly
file	noun	sem	file
account	noun	sepdol	account|user account
table	noun	penput	table|desk
game	noun	hikko	game

# ===== everyday vocabulary expansion (v1.3) =====
# Composed from existing roots (compounds/aliases) plus one new root (pig=tim).
# --- meals & food ---
lunch	noun	yenhem	
dinner	noun	yelhem	
supper	noun	yelhem	
snack	noun	yushem	
breakfast	noun	hilhem	
bread	noun	turhem	
rice	noun	turtol	
noodle	noun	tur	
pasta	noun	tur	
meat	noun	tekhem	
beef	noun	tekhem	
pork	noun	tekhem	
chicken	noun	tik	
cheese	noun	tekpun	
butter	noun	tekpul	
milk	noun	tekpap	
cream	noun	tekpap	
yogurt	noun	tekpap	
apple	noun	tul	
banana	noun	tul	
grape	noun	tul	
lemon	noun	tul	
berry	noun	tul	
melon	noun	tul	
peach	noun	tul	
pear	noun	tul	
potato	noun	tus	
tomato	noun	tus	
onion	noun	tus	
carrot	noun	tus	
bean	noun	tus	
pea	noun	tus	
corn	noun	tus	
cabbage	noun	tus	
garlic	noun	tus	
salt	noun	watpus	
sugar	noun	nakpus	
pepper	noun	nakler	
spice	noun	nakler	
oil	noun	tanpap	
sauce	noun	heppap	
honey	noun	nakpap	
jam	noun	nakpap	
soup	noun	heppal	
salad	noun	tus	
juice	noun	tulpal	
coffee	noun	nirpap	
tea	noun	takpap	
wine	noun	tulpap	
beer	noun	turpap	
bake	verb	hep	
fry	verb	hep	
sweet	property	naknul	
sour	property	nakfis	
bitter	property	nakfil	
fresh	property	yim	
ripe	property	gup	
raw	property	nahep	
# --- kitchen & home objects ---
kitchen	noun	heppil	
plate	noun	henpel	
bowl	noun	hempel	
cup	noun	helpel	
spoon	noun	hempen	
fork	noun	henpen	
knife	noun	pet	
pot	noun	heppel	
pan	noun	hepput	
bottle	noun	papwun	
jar	noun	dakwun	
basket	noun	pekwun	
bucket	noun	palwul	
brush	noun	hulpen	
soap	noun	hunpun	
towel	noun	hunpes	
bed	noun	hinkul	
chair	noun	hirkul	
sofa	noun	hirkul	
shelf	noun	dukkok	
lamp	noun	lanper	
mirror	noun	latpor	
stair	noun	boswut	
lock	noun	dakpen	
garden	noun	tanwal	
yard	noun	pinwak	
apartment	noun	hanpil	
# --- clothing ---
shirt	noun	hutkan	
trousers	noun	hutkis	
skirt	noun	hutkis	
coat	noun	hutlel	
jacket	noun	hutlel	
hat	noun	hutkal	
sock	noun	hutkik	
glove	noun	hutkil	
scarf	noun	hutkip	
belt	noun	gippes	
button	noun	gipkol	
pocket	noun	peswun	
# --- body ---
hair	noun	kalpop	
tooth	noun	kapker	
tongue	noun	kapnak	
lip	noun	kapkor	
neck	noun	kalkot	
nail	noun	kirker	
chest	noun	kanwek	
knee	noun	kiskot	
# --- family ---
son	noun	relrom	
daughter	noun	relrem	
baby	noun	relyim	
husband	noun	resrom	
wife	noun	resrem	
grandmother	noun	rekrem	
grandfather	noun	rekrom	
uncle	noun	reprom	
aunt	noun	reprem	
cousin	noun	rep	
# --- animals ---
cow	noun	tit	
goat	noun	tip	
duck	noun	tik	
eagle	noun	tel	
owl	noun	tel	
shark	noun	ter	
whale	noun	tek	
snake	noun	tet	
frog	noun	tet	
turtle	noun	tet	
lizard	noun	tet	
bee	noun	tes	
ant	noun	tes	
spider	noun	tes	
butterfly	noun	tes	
mouse	noun	tek	
rat	noun	tek	
rabbit	noun	tek	
lion	noun	tek	
tiger	noun	tek	
bear	noun	tek	
wolf	noun	tek	
fox	noun	tek	
deer	noun	tek	
monkey	noun	tek	
elephant	noun	tek	
# --- nature & weather ---
nature	noun	lit	
earth	noun	pas	
ground	noun	pas	
rock	noun	pak	
hill	noun	wakwos	
mountain	noun	pakwos	
valley	noun	wakwok	
river	noun	palwut	
lake	noun	palwal	
ocean	noun	wat	
beach	noun	watwus	
forest	noun	tarwal	
field	noun	taswal	
desert	noun	patwal	
ice	noun	palpun	
smoke	noun	lulpur	
# --- colours ---
red	property	ninkel	
green	property	nintas	
blue	property	ninlis	
yellow	property	ninlin	
orange	property	nintul	
purple	property	nintap	
pink	property	kelnil	
brown	property	ninpas	
grey	property	ninlas	
gold	property	ponlin	
silver	property	ponnil	
# --- everyday verbs ---
sit	verb	bokhir	
stand	verb	boskis	
crawl	verb	bokben	
feel	verb	fan	
shout	verb	nolsan	
whisper	verb	norsan	
hope	verb	falyas	
wish	verb	fal	
bring	verb	binbar	
catch	verb	gindal	
count	verb	sansut	
# --- everyday qualities ---
high	property	wosgo	
low	property	wosdi	
wide	property	wotgo	
narrow	property	wotdi	
thick	property	wokgo	
thin	property	wokdi	
soft	property	gispi	
wet	property	palpi	
dry	property	loppi	
early	property	yin	
late	property	yil	
# --- misc ---
number	noun	sut	
pen	noun	sirpen	

# ===== colloquial & anatomy (v1.4) — literal dictionary senses =====
suck	verb	kapbir	
buttocks	noun	kitbok	
ass	noun	kitbok	
arse	noun	kitbok	
butt	noun	kitbok	
bum	noun	kitbok	
asshole	noun	kitbok	
penis	noun	kemrom	
dick	noun	kemrom	
cock	noun	kemrom	
vagina	noun	kemrem	
pussy	noun	kemrem	
breast	noun	kanwek	
boob	noun	kanwek	
tit	noun	kanwek	
shit	noun	hus	
crap	noun	hus	
poop	noun	hus	
poo	noun	hus	
piss	noun	hus	
pee	noun	hus	
sex	noun	kemget	
fuck	verb	kemget	
bitch	noun	tilrem	
naked	property	nahut	
nude	property	nahut	
while	gram	yir	whilst|meanwhile

# --- verb & misc gaps found in expressiveness audit ---
sing	verb	nosnel	
tail	noun	kitkop	

# --- reverse-gloss aliases for the productive size adjectives ---
big	property	urgo	large
small	property	urdi	little
tall	property	wosgo	
short	property	wopdi	

# ===== abstract & function vocabulary (v1.7) =====
someone	noun	ran kam	
somebody	noun	ran kam	
everybody	noun	ran lam	
anyone	noun	ran wam	
anybody	noun	ran wam	
no one	noun	ran yam	
nobody	noun	ran yam	
something	noun	um kam	
everything	noun	um lam	
anything	noun	um wam	
nothing	noun	um yam	
somewhere	noun	wan kam	
everywhere	noun	wan lam	
anywhere	noun	wan wam	
nowhere	noun	wan yam	
accept	verb	dit	
achieve	verb	gus	
agree	verb	sot	
action	noun	gan	
activity	noun	gan	
actual	property	el	
ancient	property	yum	
announce	verb	san	
appear	verb	nit	
apply	verb	gul	
approve	verb	fus	
argue	verb	sok	
aspect	noun	kon	
assume	verb	met	
attach	verb	get	
attack	verb	rul	
attitude	noun	mot	
aware	property	mal	
beauty	noun	nim	
belief	noun	mar	
belong	verb	dar	
benefit	noun	fit	
breath	noun	het	
capable	property	gol	
care	noun	mol	
climate	noun	lon	
combine	verb	get	
comfort	noun	nul	
community	noun	ral	
complex	property	gom	
confidence	noun	fon	
confirm	verb	mep	
connect	verb	get	
consider	verb	man	
control	verb	rup	
courage	noun	fut	
crisis	noun	mip	
crowd	noun	ral	
damage	verb	rul	
danger	noun	rul	
deal	noun	den	
decision	noun	mes	
declare	verb	san	
defend	verb	rip	
deliver	verb	dip	
design	noun	mek	
desire	verb	fal	
determine	verb	mes	
disappear	verb	nip	
discover	verb	dap	
discuss	verb	sil	
disease	noun	hol	
effect	noun	ep	
effort	noun	gur	
element	noun	kon	
energy	noun	lun	
entire	property	ut	
escape	verb	bul	
evidence	noun	muk	
exact	property	fir	
express	verb	san	
faith	noun	fon	
fault	noun	mus	
favour	noun	run	
feed	verb	henla	
figure	noun	kuk	
final	property	yik	
finance	noun	det	
focus	noun	mol	
freedom	noun	fum	
frequent	property	yor	
goal	noun	mor	
govern	verb	rup	
grant	verb	dan	
guide	verb	bap	
handle	verb	gin	
history	noun	yar	
honour	noun	fol	
hurry	verb	yun	
ignore	verb	nanal	
imagine	verb	mok	
independent	property	fum	
indicate	verb	sit	
industry	noun	gun	
influence	verb	gal	
inform	verb	san	
innocent	property	nafis	
instant	noun	yak	
intend	verb	mor	
invent	verb	gen	
issue	noun	mip	
item	noun	um	
justice	noun	rum	
knowledge	noun	mal	
leadership	noun	rin	
legal	property	rol	
liberty	noun	fum	
limit	noun	wum	
link	verb	get	
loss	noun	dat	
maintain	verb	dak	
major	property	fik	
mention	verb	san	
mercy	noun	fok	
military	noun	rop	
mistake	noun	mus	
motion	noun	ban	
mystery	noun	nip	
necessary	property	far	
nervous	property	fer	
notice	verb	nan	
notion	noun	mit	
object	noun	um	
observe	verb	nal	
obtain	verb	dap	
obvious	property	nis	
occasion	noun	yak	
offer	verb	dan	
operate	verb	gul	
oppose	verb	ruk	
option	noun	fun	
organise	verb	mek	
pattern	noun	nik	
peace	noun	fep	
perfect	property	gup	
perform	verb	gan	
permit	verb	fus	
plain	property	nis	
plenty	noun	pam	
polite	property	fol	
possess	verb	dar	
practical	property	fit	
precious	property	dot	
present	noun	dik	
preserve	verb	dak	
prevent	verb	bas	
prize	noun	dik	
proper	property	fir	
protect	verb	rip	
proud	property	fos	
provide	verb	dur	
purpose	noun	mor	
quantity	noun	ul	
rapid	property	yun	
realise	verb	mal	
recognise	verb	mal	
recover	verb	hat	
reject	verb	fur	
request	verb	sal	
require	verb	far	
rescue	verb	run	
resist	verb	got	
reveal	verb	nit	
reward	noun	dik	
rule	noun	rol	
scheme	noun	mek	
secret	property	nip	
section	noun	kon	
shock	noun	fek	
signal	noun	sik	
silent	property	nor	
sincere	property	el	
sorrow	noun	fel	
stable	property	yup	
staff	noun	ril	
steady	property	yup	
stock	noun	duk	
stuff	noun	um	
success	noun	gus	
suffer	verb	nun	
support	verb	run	
suppose	verb	met	
survive	verb	han	
suspect	verb	mas	
swear	verb	sat	
swift	property	yun	
talent	noun	mik	
task	noun	gun	
territory	noun	was	
theory	noun	mur	
tidy	property	hul	
total	property	ut	
tough	property	gom	
treasure	noun	dos	
treaty	noun	sot	
tribe	noun	ral	
trouble	noun	mip	
truth	noun	mul	
type	noun	tot	
ultimate	property	yik	
unite	verb	get	
usual	property	yor	
vary	verb	gas	
vast	property	urgo	
victory	noun	gus	
vital	property	fik	
vote	verb	fun	
willing	property	ful	
witness	verb	nal	
science	noun	misko	
scholar	noun	misra	
author	noun	sirra	
weapon	noun	rulte	
annual	property	yerpi	
medical	property	hospi	
terrible	property	filgo	
excellent	property	fingo	
ugly	property	nanim	
rare	property	nayor	
valuable	property	dotgo	
within	noun	wen	
beneath	noun	wes	
among	noun	yit	
